{"cameraMode":{"drawMode":0,"name":"Shaded","section":"Shading Mode"},"sceneLighting":false,"audioPlay":false,"sceneViewState":{"m_AlwaysRefresh":false,"showFog":true,"showSkybox":false,"showFlares":true,"showImageEffects":true,"showParticleSystems":true,"showVisualEffectGraphs":true,"m_FxEnabled":true},"in2DMode":false,"pivot":{"x":1.06278395652771,"y":8.482746124267579,"z":19.023971557617189},"rotation":{"x":0.049176014959812167,"y":-0.006924860179424286,"z":-0.00011956500384258106,"w":-0.9988765120506287},"size":0.17320507764816285,"orthographic":false}