{"cameraMode":{"drawMode":0,"name":"Shaded","section":"Shading Mode"},"sceneLighting":false,"audioPlay":false,"sceneViewState":{"m_AlwaysRefresh":false,"showFog":true,"showSkybox":false,"showFlares":true,"showImageEffects":true,"showParticleSystems":true,"showVisualEffectGraphs":true,"m_FxEnabled":true},"in2DMode":false,"pivot":{"x":1370.1031494140625,"y":82.40814208984375,"z":77.17179107666016},"rotation":{"x":0.004190109670162201,"y":-0.00990254059433937,"z":-0.00004136138886678964,"w":-0.9999439716339111},"size":70.71067810058594,"orthographic":false}