{"cameraMode":{"drawMode":0,"name":"Shaded","section":"Shading Mode"},"sceneLighting":false,"audioPlay":false,"sceneViewState":{"m_AlwaysRefresh":false,"showFog":true,"showSkybox":false,"showFlares":true,"showImageEffects":true,"showParticleSystems":true,"showVisualEffectGraphs":true,"m_FxEnabled":true},"in2DMode":false,"pivot":{"x":0.9626124501228333,"y":1.0600565671920777,"z":2.058931350708008},"rotation":{"x":-0.0697791650891304,"y":-0.9287644028663635,"z":0.28159430623054507,"w":-0.23118919134140016},"size":0.17320522665977479,"orthographic":false}