{"cameraMode":{"drawMode":0,"name":"Shaded","section":"Shading Mode"},"sceneLighting":true,"audioPlay":false,"sceneViewState":{"m_AlwaysRefresh":false,"showFog":true,"showSkybox":true,"showFlares":true,"showImageEffects":true,"showParticleSystems":true,"showVisualEffectGraphs":true,"m_FxEnabled":true},"in2DMode":false,"pivot":{"x":-4.202584266662598,"y":4.850729465484619,"z":0.5654969811439514},"rotation":{"x":0.19747419655323029,"y":0.4663003087043762,"z":-0.1076064482331276,"w":0.8556615710258484},"size":0.11089266091585159,"orthographic":false}