{"cameraMode":{"drawMode":0,"name":"Shaded","section":"Shading Mode"},"sceneLighting":true,"audioPlay":false,"sceneViewState":{"m_AlwaysRefresh":false,"showFog":true,"showSkybox":true,"showFlares":true,"showImageEffects":true,"showParticleSystems":true,"showVisualEffectGraphs":true,"m_FxEnabled":true},"in2DMode":false,"pivot":{"x":1278.198974609375,"y":136.64205932617188,"z":322.4142761230469},"rotation":{"x":0.047658178955316547,"y":0.024567004293203355,"z":0.0011718380264937878,"w":-0.9985637664794922},"size":266.30377197265627,"orthographic":false}