{"cameraMode":{"drawMode":0,"name":"Shaded","section":"Shading Mode"},"sceneLighting":true,"audioPlay":false,"sceneViewState":{"m_AlwaysRefresh":false,"showFog":true,"showSkybox":true,"showFlares":true,"showImageEffects":true,"showParticleSystems":true,"showVisualEffectGraphs":true,"m_FxEnabled":false},"in2DMode":false,"pivot":{"x":2.6065011024475099,"y":4.45691442489624,"z":4.26356315612793},"rotation":{"x":-0.0007836167933419347,"y":-0.9899811148643494,"z":0.14234788715839387,"w":-0.0023482537362724544},"size":0.12106769531965256,"orthographic":false}