{"cameraMode":{"drawMode":0,"name":"Shaded","section":"Shading Mode"},"sceneLighting":false,"audioPlay":false,"sceneViewState":{"m_AlwaysRefresh":false,"showFog":true,"showSkybox":true,"showFlares":true,"showImageEffects":true,"showParticleSystems":true,"showVisualEffectGraphs":true,"m_FxEnabled":false},"in2DMode":false,"pivot":{"x":11.034601211547852,"y":0.7366752624511719,"z":1.6853156089782715},"rotation":{"x":-0.02846650220453739,"y":0.7813429236412048,"z":-0.03523731231689453,"w":-0.6226917505264282},"size":1.392069697380066,"orthographic":false}