{"cameraMode":{"drawMode":0,"name":"Shaded","section":"Shading Mode"},"sceneLighting":false,"audioPlay":false,"sceneViewState":{"m_AlwaysRefresh":false,"showFog":true,"showSkybox":true,"showFlares":true,"showImageEffects":true,"showParticleSystems":true,"showVisualEffectGraphs":true,"m_FxEnabled":true},"in2DMode":false,"pivot":{"x":15.057208061218262,"y":24.379993438720704,"z":-35.708744049072269},"rotation":{"x":-0.19387421011924745,"y":0.2435852587223053,"z":-0.049333490431308749,"w":-0.9495340585708618},"size":0.12106827646493912,"orthographic":false}