{"cameraMode":{"drawMode":0,"name":"Shaded","section":"Shading Mode"},"sceneLighting":true,"audioPlay":false,"sceneViewState":{"m_AlwaysRefresh":false,"showFog":true,"showSkybox":true,"showFlares":true,"showImageEffects":true,"showParticleSystems":true,"showVisualEffectGraphs":true,"m_FxEnabled":true},"in2DMode":false,"pivot":{"x":46.591094970703128,"y":5.532210350036621,"z":3232.838623046875},"rotation":{"x":-0.11041176319122315,"y":0.19786575436592103,"z":-0.022008275613188745,"w":-0.973879337310791},"size":1.8480002880096436,"orthographic":false}